page title,name,src
The Cycle of the Year as Breathing-Process of the Earth,"Lecture 1:  March 31, 1923",cycleofyear1.mp3
The Cycle of the Year as Breathing-Process of the Earth,"Lecture 2:  Easter Sunday, April 1, 1923",cycleofyear2.mp3
The Cycle of the Year as Breathing-Process of the Earth,"Lecture 3:  April 2, 1923",cycleofyear3.mp3
The Cycle of the Year as Breathing-Process of the Earth,"Lecture 4:  April 3, 1923",cycleofyear4.mp3
The Cycle of the Year as Breathing-Process of the Earth,"Lecture 5:  April 4, 1923",cycleofyear5.mp3
The Cycle of the Year as Breathing-Process of the Earth,"Lecture 1:  September 27, 1923",michaelsoulforce1.mp3
The Cycle of the Year as Breathing-Process of the Earth,"Lecture 2:  September 28, 1923",michaelsoulforce2.mp3
The Cycle of the Year as Breathing-Process of the Earth,"Lecture 3:  September 30, 1923",michaelsoulforce3.mp3
The Cycle of the Year as Breathing-Process of the Earth,"Lecture 4:  October 1, 1923",michaelsoulforce4.mp3
